Author;Publication count;PageRank;Authority score
Sabrina De Capitani di Vimercati;1;0.0003809430661029897;0
Ying Xu 0002;1;0.0003809430661029897;0
Laks V. S. Lakshmanan;2;0.0003809430661029897;0
Mario Alviano;1;0.0003809430661029897;0
Thomas Perst;1;0.0003809430661029897;0
Andreas Pieris;4;0.0013357058531645602;0
Haodong Hu;2;0.0017499086684847273;0
Mark J. Wheelhouse;1;0.0003809430661029897;0
Aleksandar Nikolov;1;0.0003809430661029897;0
Todd J. Green;3;0.0011167223686747094;0
Atish Das Sarma;1;0.0003809430661029897;0
Sumit Ganguly;6;0.0024959914824521654;0
Michal Pilipczuk;1;0.0003809430661029897;0
Geppino Pucci;1;0.0003809430661029897;0
J. Nathan Foster;1;0.0003809430661029897;0
Wen K. Lee;1;0.0003809430661029897;0
Esko Ukkonen;1;0.0003809430661029897;0
Michael C. Martin;1;0.0003809430661029897;0
John Turek;1;0.0003809430661029897;0
Mihalis Yannakakis;10;0.0023046290778120466;0
Joachim Biskup;1;0.0003809430661029897;0
Konstantinos Tsakalidis;1;0.0003809430661029897;0
Dennis E. Shasha;6;0.002537392507728488;0
Hoda Mokhtar;1;0.0003809430661029897;0
Prasan Roy;1;0.0003809430661029897;0
Benny Kimelfeld;15;0.0052467276378682925;0
Mert Saglam;1;0.0003809430661029897;0
Reinhard Pichler;8;0.00442407148143872;0
Alexander Markowetz;1;0.0003809430661029897;0
Sven Hartmann;2;0.002537392507728488;0
K. V. S. Ramarao;2;0.0003809430661029897;0
Antoine Amarilli;1;0.0003809430661029897;0
Beng Chin Ooi;1;0.0003809430661029897;0
Dimitris Achlioptas;1;0;0
John B. Kam;1;0.0003809430661029897;0
Froduald Kabanza;1;0.0003809430661029897;0
Hisao Tamaki;1;0.0003809430661029897;0
Arthur J. Bernstein;1;0.0003809430661029897;0
Arun N. Swami;2;0.0024959914824521654;0
Jan Chomicki;7;0.0008522340531506496;0
Csaba D. Tóth;1;0.0003809430661029897;0
Thomas M. Kroeger;1;0.0003809430661029897;0
Takeshi Fukuda;1;0.0003809430661029897;0
Pablo Barceló Baeza;2;0.0003809430661029897;0
Zhen Liu;1;0.0003809430661029897;0
Srinivas R. Kashyap;1;0.0003809430661029897;0
Darren Erik Vengroff;1;0.0003809430661029897;0
V. S. Lakshmanan;1;0.0003809430661029897;0
Floris Geerts;11;0.004923761585531192;0
Timos K. Sellis;1;0.0003809430661029897;0
Yousef J. Al-Houmaily;1;0.0003809430661029897;0
George A. Mihaila;1;0.0003809430661029897;0
Lap-Kei Lee;1;0.0003809430661029897;0
Aaron Bohannon;1;0.0003809430661029897;0
Madhukar N. Thakur;1;0.0003809430661029897;0
Paolo Atzeni;6;0.0019467796282956677;0
Mehmet M. Dalkilic;1;0.0003809430661029897;0
Rafail Ostrovsky;2;0.0003809430661029897;0
Peter J. Haas;4;0.0024959914824521654;0
Liadan O'Callaghan;1;0.0003809430661029897;0
Arturs Backurs;1;0.0003809430661029897;0
Dakshi Agrawal;2;0.002537392507728488;0
Isolde Adler;1;0;0
Renée J. Miller;1;0.0003809430661029897;0
Otto Nurmi;2;0.0017499086684847273;0
Sudipto Guha;6;0.002744168726737295;0
Volkert Brosda;1;0.0003809430661029897;0
Ilya P. Razenshteyn;1;0.0003809430661029897;0
Hossein Jowhari;1;0.0003809430661029897;0
Marianne Baudinet;1;0.0003809430661029897;0
Kowtha Murthy;1;0.0003809430661029897;0
Marc Friedman;1;0.0003809430661029897;0
Catherine Lassez;1;0.0003809430661029897;0
David Cheng;1;0.0003809430661029897;0
Jan Vondrák;1;0.0003809430661029897;0
Haiquan Li;1;0.0003809430661029897;0
David DeHaan;1;0;0
Richard J. Lipton;1;0.0003809430661029897;0
Frank M. Pittelli;1;0.0003809430661029897;0
Sophie Tison;1;0.0003809430661029897;0
Alfred V. Aho;1;0;0
Peter J. Stuckey;1;0.0003809430661029897;0
Andreas Reuter 0001;1;0;0
Brian Babcock;3;0.0034802359901308618;0
Carmem S. Hara;1;0.0003809430661029897;0
Chinya V. Ravishankar;1;0.0003809430661029897;0
Detlev Ruland;1;0.0003809430661029897;0
Olga Kapitskaia;1;0.0003809430661029897;0
Jean-Louis Lassez;2;0.0003809430661029897;0
Yuliang Li;1;0.0003809430661029897;0
Michael Merritt;1;0.0003809430661029897;0
Victor Matos;1;0.0003809430661029897;0
Jia-Huai You;1;0.0003809430661029897;0
Seppo Sippu;2;0.0017499086684847273;0
Ashwin Machanavajjhala;2;0.0003809430661029897;0
Marc Niézette;1;0.0003809430661029897;0
Carlos A. Hurtado;3;0.0009490858098366575;0
Yannis Kotidis;1;0.0003809430661029897;0
Nikos Mamoulis;1;0.0003809430661029897;0
Alexandru Berlea;1;0.0003809430661029897;0
T. H. Merrett;1;0.0003809430661029897;0
Gerhard Weikum;6;0.002537392507728488;0
James Cheney;1;0.0003809430661029897;0
Wolfgang May;1;0.0003809430661029897;0
Jayant R. Haritsa;1;0.0003809430661029897;0
Antonella Pelaggi;1;0.0003809430661029897;0
Marcin Przybylko;1;0.0003809430661029897;0
Wim Martens;8;0.004110347471141279;0
Alessandro Panconesi;1;0.0003809430661029897;0
William E. Weihl;4;0.002537392507728488;0
Shikha Singh 0002;1;0.0003809430661029897;0
M. Praveen;1;0.0003809430661029897;0
Emmanuel Filiot;1;0.0003809430661029897;0
Babak Bagheri Hariri;1;0.0003809430661029897;0
Wojciech Czerwinski;2;0.001422848820803567;0
Edward D. Lazowska;1;0.0003809430661029897;0
Gregory Valiant;1;0.0003809430661029897;0
Sanjeev Khanna;4;0.000675960699586883;0
Maurice Herlihy;1;0.0003809430661029897;0
Lawrence V. Saxton;1;0.0003809430661029897;0
Eric Simon;1;0.0003809430661029897;0
Srikanta Tirthapura;4;0.0019467796282956677;0
Anand Rajaraman;4;0.0013266498713935366;0
Marco Montali;3;0.0008567549438374869;0
Damian Niwinski;1;0.0003809430661029897;0
Philippe Richard;1;0.0003809430661029897;0
Ravi Kannan;1;0.0003809430661029897;0
Sharon C. Salveter;1;0;0
Randy H. Katz;1;0.0003809430661029897;0
David Maier;7;0.001011414269630021;0
Jeff Erickson;2;0.001858162034596998;0
Irène Guessarian;1;0.0003809430661029897;0
Luca Cabibbo;1;0.0003809430661029897;0
Kenneth Salem;1;0.0003809430661029897;0
Alban Galland;1;0.0003809430661029897;0
Nobuyoshi Miyazaki;1;0.0003809430661029897;0
Stephen J. Hegner;4;0;0
David Scott Warren;2;0.002537392507728488;0
Hanson Zhou;1;0.0003809430661029897;0
Gösta Grahne;7;0.0003809430661029897;0
Krishnaram Kenthapadi;2;0.0003809430661029897;0
Maurizio Lenzerini;9;0.004515235857410942;0
Jonathan Panttaja;1;0.0003809430661029897;0
Benjamin C. Pierce;2;0.0003809430661029897;0
André Hernich;3;0.0019467796282956677;0
Pavel Zezula;1;0.0003809430661029897;0
Pierre Wolper;2;0.0003809430661029897;0
Michael Benedikt;14;0.0027439691871509065;0
Ely Porat;1;0.0003809430661029897;0
Marie-Christine Rousset;1;0.0003809430661029897;0
Vibhor Rastogi;3;0.0019454171118458486;0
Wouter Gelade;2;0.0007638424468162219;0
Uri Shaft;1;0.0003809430661029897;0
Gerald J. Popek;1;0.0003809430661029897;0
Mahmoud Abo Khamis;3;0.0016430491950219675;0
Michael J. Franklin;1;0.0003809430661029897;0
Nirman Kumar;1;0.0003809430661029897;0
Cristian Riveros;2;0.0011499642645364213;0
Tim Connors;1;0;0
Rahul Shah;2;0.0013868396072793353;0
Jens-Peter Dittrich;1;0.0003809430661029897;0
Mohamed Faouzi Atig;1;0.0003809430661029897;0
Matthias Niewerth;3;0.0016755364228598691;0
Michael A. Bender;5;0.0048998440254597675;0
Avi Silberschatz;1;0.0003809430661029897;0
Iyer N. Subramanian;1;0.0003809430661029897;0
V. Benjamin Livshits;1;0.0003809430661029897;0
Dino Karabeg;1;0.0003809430661029897;0
Yakov Nekrich;3;0.0013868396072793353;0
Yoo Ah Kim;1;0.0003809430661029897;0
Ravi Krishnamurthy;4;0.0003809430661029897;0
Samir Khuller;2;0.0003809430661029897;0
Moses Charikar;1;0.0003809430661029897;0
Thomas Eiter;3;0.0013357058531645602;0
Zengfeng Huang;2;0.000960818408174309;0
Oege de Moor;1;0.0003809430661029897;0
Domenico Saccà;5;0.001435348038701571;0
Stuart E. Madnick;1;0.0003809430661029897;0
Vladimir Lanin;1;0.0003809430661029897;0
Alessandro D'Atri;3;0.002537392507728488;0
Donghui Zhang;2;0.0019772489342720916;0
Lin F. Yang;1;0.0003809430661029897;0
Samuel McCauley;1;0.0003809430661029897;0
Amélie Gheerbrant;1;0.0003809430661029897;0
Aris Anagnostopoulos;1;0.0003809430661029897;0
Mikhail J. Atallah;2;0.0003809430661029897;0
Vashudha Krishnaswamy;1;0.0003809430661029897;0
Hans Hermann Brüggemann;1;0.0003809430661029897;0
Hung Q. Ngo 0001;5;0.0034574220298367545;0
Sushil Jajodia;2;0.0003809430661029897;0
Mauro Sozio;2;0.0003809430661029897;0
Michael J. Fischer;2;0.0003809430661029897;0
Luc Boasson;1;0.0003809430661029897;0
Pawel Parys;4;0.001422848820803567;0
Arnab Bhattacharyya;1;0.0003809430661029897;0
Kim S. Larsen;1;0;0
Laurent Herr;1;0.0003809430661029897;0
Jeff M. Phillips;2;0.0016302224542730816;0
Ramsey W. Haddad;1;0.0003809430661029897;0
Edward P. F. Chan;6;0.0037186182665941286;0
Henry F. Korth;6;0.0031248150737584147;0
Jennifer Widom;6;0.003993500918300013;0
Linfeng Zhang;1;0.0003809430661029897;0
Ping Lu;2;0.0014317821933984552;0
F. Manfredi;1;0.0003809430661029897;0
Jianwen Su;11;0.004979548304563227;0
Azza Abouzied;1;0.0003809430661029897;0
Alexandre V. Evfimievski;2;0.0003809430661029897;0
Alfred Z. Spector;1;0;0
Gurmeet Singh Manku;1;0.0003809430661029897;0
Yuri Matiyasevich;1;0.0003809430661029897;0
David D. Wright;1;0.0003809430661029897;0
Hendrik Jan Hoogeboom;1;0.0003809430661029897;0
Wolfgang Scheufele;1;0.0003809430661029897;0
John C. Mitchell;1;0;0
Subhash Suri;3;0.002537392507728488;0
Pranjal Awasthi;1;0.0003809430661029897;0
Eric Gribkoff;1;0.0003809430661029897;0
Martin Strauss;2;0.0003809430661029897;0
Sergio Greco;2;0.0024959914824521654;0
Ilias Diakonikolas;1;0.0003809430661029897;0
Alexander Brodsky;3;0.0007155651647807493;0
Yinian Qi;1;0.0003809430661029897;0
Sridhar Rajagopalan;1;0.0003809430661029897;0
Daniel A. Keim;1;0.0003809430661029897;0
John Whaley;1;0.0003809430661029897;0
Kostoula Papakonstantinou;1;0.0003809430661029897;0
I. V. Ramakrishnan;2;0.0024959914824521654;0
Fang Wei 0001;3;0.0013960850208740482;0
András Z. Salamon;1;0.0003809430661029897;0
Jeffrey A. Vaughan;1;0.0003809430661029897;0
Wang Chiew Tan;9;0.0038227998743938793;0
Georg Lausen;4;0.0003809430661029897;0
Erik Vee;3;0.002537392507728488;0
Walker M. White;2;0.002537392507728488;0
David Zage;1;0.0003809430661029897;0
Michael Gelfond;1;0.0003809430661029897;0
Harry G. Mairson;1;0.0003809430661029897;0
Zoë Abrams;1;0.0003809430661029897;0
Gareth Smith;1;0.0003809430661029897;0
Masatoshi Yoshikawa;2;0.0003809430661029897;0
Paolo Guagliardo;1;0.0003809430661029897;0
Xiaocheng Hu;3;0.00247214541327907;0
Christoph Koch 0001;10;0.0018130872466953455;0
Kousha Etessami;1;0;0
Meghyn Bienvenu;2;0.0003809430661029897;0
Nicola Leone;4;0.0030290833812996413;0
Ding-An Chiang;1;0.0003809430661029897;0
Marc H. Graham;6;0.0003809430661029897;0
S. Sudarshan 0001;3;0.0003809430661029897;0
Bennet Vance;1;0.0003809430661029897;0
Monica S. Lam;1;0.0003809430661029897;0
Elarbi Choukhmane;1;0.0003809430661029897;0
Hannu Toivonen;1;0.0003809430661029897;0
Vittorio Castelli;1;0.0003809430661029897;0
Dean Jacobs;1;0.0003809430661029897;0
Jack Minker;1;0;0
Jafar Adibi;1;0.0003809430661029897;0
Utkarsh Srivastava;3;0.0024558195277447877;0
Christopher Ré;6;0.0020656367190309164;0
Nisheeth Shrivastava;1;0.0003809430661029897;0
Alberto O. Mendelzon;14;0.0026734158659740166;0
Douglas Stott Parker Jr.;1;0.0003809430661029897;0
Clemens Kupke;1;0.0003809430661029897;0
Dietmar Seipel;1;0.0003809430661029897;0
Divesh Srivastava;10;0.0026213405478425445;0
Kunio Murakami;1;0.0003809430661029897;0
Mohamed G. Gouda;1;0.0003809430661029897;0
Sharad Mehrotra;2;0.001927449177485602;0
Thomas Wilke;1;0.0003809430661029897;0
Frank Wolter;1;0.0003809430661029897;0
Ravi Kumar 0001;7;0.002619016265978986;0
S. Muthukrishnan;12;0.004205210627983404;0
Piotr Indyk;6;0.0037222390273080495;0
Jie-Bing Yu;1;0.0003809430661029897;0
Tore Dalenius;1;0.0003809430661029897;0
Dan Olteanu;1;0.0003809430661029897;0
Yannis Katsis;1;0.0003809430661029897;0
Raymond Reiter;1;0;0
Stefan Haar;1;0.0003809430661029897;0
Edward L. Robertson;2;0.0003809430661029897;0
Jack A. Orenstein;1;0.0003809430661029897;0
Grant Wang;1;0.0003809430661029897;0
Sumit K. Sanghai;1;0.0003809430661029897;0
Rossano Venturini;1;0.0003809430661029897;0
James F. Lynch;1;0;0
David G. Kirkpatrick;1;0.0003809430661029897;0
Parosh Aziz Abdulla;1;0.0003809430661029897;0
Vassilis J. Tsotras;3;0.002817464294456685;0
Steven P. Reiss;1;0.0003809430661029897;0
Z. Meral Özsoyoglu;4;0.002537392507728488;0
John Hershberger;2;0.002537392507728488;0
Gottfried Vossen;5;0.0019087829913871394;0
Eljas Soisalon-Soininen;7;0.0048998440254597675;0
Peter Scheuermann;1;0.0003809430661029897;0
Pankaj K. Agarwal;9;0.004723825414656964;0
Arthur M. Keller;1;0;0
Dan Suciu;25;0.006744167123946221;0
Jerzy Tyszkiewicz;1;0.0003809430661029897;0
Allan Borodin;1;0.0003809430661029897;0
Paolo Liberatore;1;0.0003809430661029897;0
Chandra M. R. Kintala;1;0;0
Dung T. Nguyen;1;0.0003809430661029897;0
Philip S. Yu;1;0.0003809430661029897;0
Stephanie Tien Lee;1;0.0003809430661029897;0
Thomas Neumann 0001;1;0.0003809430661029897;0
Jun (Jim) Xu;1;0.0003809430661029897;0
Edo Liberty;1;0.0003809430661029897;0
Anant Jhingran;1;0.0003809430661029897;0
C. P. Wang;1;0.0003809430661029897;0
Doron Rotem;6;0.0003809430661029897;0
Marco A. Casanova;5;0.0003809430661029897;0
Srinivasan Parthasarathy 0002;1;0.0003809430661029897;0
Mathieu Verbaere;1;0.0003809430661029897;0
Mahesh Datt Yemmanuru;1;0.0003809430661029897;0
Srinivasa Rao Satti;1;0.0003809430661029897;0
Kamalika Chaudhuri;1;0.0003809430661029897;0
Joseph M. Hellerstein;3;0.0010221717366726754;0
Nandit Soparkar;1;0.0003809430661029897;0
Jean-Marc Pugin;1;0.0003809430661029897;0
Mukund Sundararajan;1;0.0003809430661029897;0
Shigeki Shibayama;1;0.0003809430661029897;0
Michael R. Genesereth;2;0.0003809430661029897;0
Sathiya Keerthi;1;0.0003809430661029897;0
John T. Robinson;2;0.0003809430661029897;0
Michel de Rougemont;2;0.0003809430661029897;0
Hyun Chul Lee;1;0.0003809430661029897;0
Krzysztof Choromanski;1;0.0003809430661029897;0
Vivek R. Narasayya;1;0.0003809430661029897;0
Abhinandan Nath;1;0.0003809430661029897;0
David P. Woodruff;10;0.0037186182665941286;0
Colin Bell;1;0.0003809430661029897;0
Paul Beame;3;0.001563760422542499;0
George Kollios;1;0.0003809430661029897;0
Umeshwar Dayal;5;0.0009913369093847864;0
Flaviu Cristian;1;0.0003809430661029897;0
Gregory Karvounarakis;1;0.0003809430661029897;0
Limsoon Wong;6;0.0010545103707522991;0
Alan J. Demers;1;0.0003809430661029897;0
Aravind Ramachandran;1;0.0003809430661029897;0
Gereon Frahling;1;0.0003809430661029897;0
Martín Ugarte;1;0.0003809430661029897;0
Jens Lechtenbörger;3;0.0009218166493821824;0
Yuri Gurevich;2;0.0003809430661029897;0
Raghav Kaushik;2;0.002537392507728488;0
Cristina Sirangelo;3;0.0010545103707522991;0
James Wu;1;0.0003809430661029897;0
Witold Lipski Jr.;3;0.002537392507728488;0
Guy Pardon;1;0.0003809430661029897;0
Wang-Chiew Tan;1;0.0003809430661029897;0
Radu Berinde;1;0.0003809430661029897;0
Michael Kapralov;1;0;0
Daniel Zinn;1;0.0003809430661029897;0
Martin Farach-Colton;2;0.0017499086684847273;0
Yuli Ye;1;0.0003809430661029897;0
Andrew Tomkins;4;0.0014951587881955322;0
Robert Fink;1;0.0003809430661029897;0
Prasenjit Mitra;1;0.0003809430661029897;0
Jehoshua Bruck;1;0.0003809430661029897;0
Manish Patil;1;0.0003809430661029897;0
Robert Baumgartner;1;0.0003809430661029897;0
Rajeev Alur;1;0;0
Nabil H. Mustafa;1;0.0003809430661029897;0
Mark Sandler;1;0.0003809430661029897;0
Sriram Raghavan;2;0.0016542763040086495;0
Morten Stöckel;1;0.0003809430661029897;0
Maarten Marx;2;0;0
Michael Hay;2;0.0014838644282428163;0
Fabrizio Angiulli;1;0.0003809430661029897;0
Palash Dey;1;0.0003809430661029897;0
Henry Tirri;1;0.0003809430661029897;0
Russell Greiner;1;0;0
Sofya Vorotnikova;1;0.0003809430661029897;0
Tova Milo;22;0.005881029169266388;0
Susumu Kunifuji;1;0.0003809430661029897;0
Miao Qiao;3;0.00247214541327907;0
Avrim Blum;1;0.0003809430661029897;0
Jon McAlister;1;0.0003809430661029897;0
Martha Escobar-Molano;1;0.0003809430661029897;0
Eli Upfal;3;0.0012799388320498242;0
Domagoj Vrgoc;1;0.0003809430661029897;0
Tom J. Ameloot;4;0.002031893947993775;0
Jeffrey F. Naughton;10;0.0037222390273080495;0
Barbara Catania;1;0.0003809430661029897;0
Michael Schmidt 0002;1;0.0003809430661029897;0
Alexander Borgida;1;0;0
Walter A. Burkhard;2;0;0
Arvind Arasu;2;0.0003809430661029897;0
Di Wang;1;0.0003809430661029897;0
Cheng Sheng 0001;4;0.0019417624365241524;0
Jasmine Novak;1;0.0003809430661029897;0
Guido Moerkotte;1;0.0003809430661029897;0
Lauri Malmi;1;0.0003809430661029897;0
Kee S. Ong;1;0;0
Sebastian Maneth;3;0.0003809430661029897;0
Francesco M. Malvestuto;2;0.0003809430661029897;0
Atsushi Ohori;1;0.0003809430661029897;0
Saladi Rahul;2;0.0009012161895767105;0
Jonathan Ullman;2;0.0003809430661029897;0
Gerd G. Hillebrand;2;0.0011595324461972623;0
Richard T. Snodgrass;1;0;0
Marco Cadoli;2;0.0003809430661029897;0
Marcus Fontoura;2;0.002537392507728488;0
Haiyan Ye;1;0.0003809430661029897;0
Ramakrishnan Srikant;1;0.0003809430661029897;0
Chandra Chekuri;1;0.0003809430661029897;0
Haruo Yokota;1;0.0003809430661029897;0
Miron Livny;2;0.002537392507728488;0
Kirack Sohn;2;0.0003809430661029897;0
Guy Van den Broeck;1;0.0003809430661029897;0
Pierre Bourhis;2;0.0003809430661029897;0
Michael J. Maher;2;0.0003809430661029897;0
Krzysztof R. Apt;1;0.0003809430661029897;0
Anca Muscholl;2;0.0008017890744338278;0
Bo Pang;1;0.0003809430661029897;0
Gábor Tardos;1;0.0003809430661029897;0
Pratul Dublish;1;0.0003809430661029897;0
Ashish Gupta 0001;3;0.0003809430661029897;0
Mohammed Javeed Zaki;1;0.0003809430661029897;0
Venkatesh Ganti;1;0.0003809430661029897;0
M. V. Ramakrishna;1;0.0003809430661029897;0
Milena Mihail;1;0.0003809430661029897;0
Vassilis Christophides;1;0.0003809430661029897;0
Tim Sheard;1;0.0003809430661029897;0
Sebastian Rudolph;2;0.0003809430661029897;0
Bogdan Warinschi;1;0.0003809430661029897;0
Victor Vianu;28;0.007265823374155332;0
Xiao Hu;1;0.0003809430661029897;0
Philippe Picouet;1;0.0003809430661029897;0
Yuri Breitbart;3;0.0023216480183285166;0
Theodore Johnson;2;0.002537392507728488;0
Stijn Dekeyser;1;0.0003809430661029897;0
C. R. Ramakrishnan;1;0.0003809430661029897;0
Héctor J. Hernández;3;0.0019467796282956677;0
Giorgio Ausiello;1;0.0003809430661029897;0
Noga Alon;3;0.0003809430661029897;0
Danny Dolev;1;0.0003809430661029897;0
Emanuel Sallinger;2;0.0009187036273432629;0
William Maniatty;1;0.0003809430661029897;0
David Scot Taylor;2;0.0003809430661029897;0
Anil Nigam;1;0.0003809430661029897;0
Keishi Tajima;1;0.0003809430661029897;0
Rina Panigrahy;3;0.002537392507728488;0
Katherine A. Morris;1;0;0
Dirk Leinders;1;0.0003809430661029897;0
Cinda Heeren;1;0.0003809430661029897;0
Ti-Pin Chang;1;0.0003809430661029897;0
John L. Bruno;1;0.0003809430661029897;0
Georg Gottlob;28;0.00955762085807351;0
Klaus U. Schulz;1;0.0003809430661029897;0
L. Schnetgöke;1;0.0003809430661029897;0
Mario Szegedy;1;0.0003809430661029897;0
Jeonghun Yoon;1;0.0003809430661029897;0
Michael Carbin;1;0.0003809430661029897;0
Ashish Goel;1;0.0003809430661029897;0
Tirza Hirst;1;0.0003809430661029897;0
Sridhar Ramaswamy;2;0.0003809430661029897;0
Hao Yang;1;0.0003809430661029897;0
Maria Cristina De Bernardis;1;0.0003809430661029897;0
Shamim A. Naqvi;4;0.0003809430661029897;0
Kelvin Kam Wing Chu;1;0.0003809430661029897;0
Hai-Yann Hwang;1;0.0003809430661029897;0
Sushant Patnaik;2;0.002537392507728488;0
Adam Kirsch;1;0.0003809430661029897;0
Martin Theobald;1;0.0003809430661029897;0
Dimitris Papadias;1;0.0003809430661029897;0
Sharma V. Thankachan;1;0.0003809430661029897;0
Charles Paperman;1;0.0003809430661029897;0
Debmalya Panigrahi;1;0.0003809430661029897;0
Philip A. Bernstein;1;0.0003809430661029897;0
Xiaoyang Sean Wang;2;0.0003809430661029897;0
Cui Yu;1;0.0003809430661029897;0
Paraschos Koutris;5;0.0019702185626774226;0
Darakhshan J. Mir;1;0.0003809430661029897;0
Giuseppe De Giacomo;9;0.005106462351482476;0
Chao Li;1;0.0003809430661029897;0
Ali Moallemi;1;0.0003809430661029897;0
Bruno Marnette;1;0;0
Paolo Giulio Franciosa;1;0.0003809430661029897;0
Stéphane Bressan;1;0.0003809430661029897;0
Shivnath Babu;2;0.0017990826564354145;0
T. S. Jayram;3;0.002537392507728488;0
Weidong Chen;2;0.002537392507728488;0
Frank Neven;17;0.006756583125819424;0
Udi Manber;2;0.0003809430661029897;0
Tiko Kameda;2;0.0003809430661029897;0
Giuseppe Ottaviano;1;0.0003809430661029897;0
Sachin More;1;0.0003809430661029897;0
Latha S. Colby;1;0.0003809430661029897;0
Jian Li;1;0.0003809430661029897;0
Jim Calhoun;1;0.0003809430661029897;0
Adam Meyerson;1;0.0003809430661029897;0
Othmane Rezine;1;0.0003809430661029897;0
S. N. Maheshwari;1;0.0003809430661029897;0
Paolo Ciaccia;1;0.0003809430661029897;0
Cristian Bucila;1;0.0003809430661029897;0
Boaz Barak;1;0.0003809430661029897;0
Martin Grohe;4;0.0019467796282956677;0
Carsten Lund;2;0.002537392507728488;0
Pablo Barceló;8;0.002164757743522467;0
Amir M. Zarkesh;1;0.0003809430661029897;0
Bozidar Radunovic;1;0.0003809430661029897;0
S. Seshadri;2;0.001435348038701571;0
Cyrus Shahabi;1;0.0003809430661029897;0
Nancy D. Griffeth;1;0.0003809430661029897;0
Dayou Zhou;1;0.0003809430661029897;0
Hans-Werner Six;3;0.002537392507728488;0
Dimitrios Gunopulos;4;0.002817464294456685;0
Shun'ichi Amano;1;0.0003809430661029897;0
Alon Y. Levy;9;0.001766879719327993;0
Wolfgang Lehner;1;0.0003809430661029897;0
Riccardo Rosati;4;0.00156091502733193;0
Gaston H. Gonnet;3;0.0003809430661029897;0
Gjergji Kasneci;1;0.0003809430661029897;0
Ekow J. Otoo;1;0;0
Ludwig Schmidt;1;0.0003809430661029897;0
David Gross;1;0.0003809430661029897;0
Irit Dinur;1;0.0003809430661029897;0
Mariano P. Consens;2;0.0003809430661029897;0
Alexei P. Stolboushkin;2;0.002537392507728488;0
Haim Kaplan;3;0.002537392507728488;0
Frederick Reiss;2;0.0013277388069231355;0
Benoît Groz;3;0.0003809430661029897;0
Krzysztof Onak;1;0.0003809430661029897;0
Leonard Pitt;1;0.0003809430661029897;0
Christian Sohler;1;0.0003809430661029897;0
Adrian Segall;1;0.0003809430661029897;0
Don S. Batory;2;0;0
Rakesh Agrawal;3;0.0003809430661029897;0
Chinmay Hegde;1;0.0003809430661029897;0
Lucian Popa;5;0.0031587301400980363;0
Marina Moscarini;4;0.002537392507728488;0
Luc Segoufin;13;0.0036273821332116997;0
Dimitris N. Metaxas;1;0.0003809430661029897;0
Joachim Niehren;2;0.0003809430661029897;0
Ray Ford;1;0.0003809430661029897;0
Jeffrey B. Remmel;1;0.0003809430661029897;0
Kook Jin Ahn;1;0.0003809430661029897;0
Rona Machlin;1;0;0
Supratim Deb;1;0.0003809430661029897;0
Halina Przymusinska;1;0.0003809430661029897;0
Bart Samwel;1;0.0003809430661029897;0
Yael Amsterdamer;2;0.001668828878134007;0
Rob Johnson;1;0.0003809430661029897;0
Arie Shoshani;1;0;0
Alberto Marchetti-Spaccamela;2;0.0003809430661029897;0
J. Ian Munro;2;0.0003809430661029897;0
Rada Chirkova;3;0.0003809430661029897;0
Shalom Tsur;3;0.0009178191041145031;0
Miguel Romero 0001;3;0.0010283192365650846;0
Kamesh Munagala;5;0.0025320742638312754;0
Huy Vu;1;0.0003809430661029897;0
Stavros Sintos;1;0.0003809430661029897;0
Flavio Chierichetti;2;0.0003809430661029897;0
M. S. Krishnamoorthy;1;0.0003809430661029897;0
Elisa Bertino;1;0.0003809430661029897;0
Yeye He;1;0.0003809430661029897;0
Jerry Zheng Li;1;0.0003809430661029897;0
Jinyan Li;1;0.0003809430661029897;0
Yang Cao;2;0.0014317821933984552;0
David Gross-Amblard;1;0;0
Meichun Hsu;3;0.0003809430661029897;0
Marco Schaerf;2;0.0003809430661029897;0
Frank Wm. Tompa;1;0.0003809430661029897;0
Jimmy P. Strickland;1;0.0003809430661029897;0
Ke Wang;2;0.0003809430661029897;0
Marco Calautti;1;0.0003809430661029897;0
Peter T. Wood;2;0.0003809430661029897;0
Luigi Palopoli;1;0.0003809430661029897;0
Tomasz Imielinski;7;0.002537392507728488;0
Giansalvatore Mecca;2;0.0003809430661029897;0
Francis Y. L. Chin;1;0.0003809430661029897;0
Rajeev Rastogi;6;0.003123977785548556;0
Cristina Civili;1;0.0003809430661029897;0
Peter Brössler;1;0.0003809430661029897;0
Gabriel Matsliach;1;0;0
Sukhamay Kundu;1;0;0
Rohan Puttagunta;1;0.0003809430661029897;0
Michael A. Langston;1;0.0003809430661029897;0
Bart Kuijpers;1;0.0003809430661029897;0
Izchak Sharfman;1;0.0003809430661029897;0
Oscar H. Ibarra;2;0.0012225359877487535;0
Håkan Jakobsson;2;0;0
Adrian Onet;1;0.0003809430661029897;0
Claire David;2;0.0003809430661029897;0
Harry R. Lewis;1;0.0003809430661029897;0
Oliver M. Duschka;2;0.0003809430661029897;0
Paris C. Kanellakis;12;0.00365617241902421;0
Barbara Smith-Thomas;1;0.0003809430661029897;0
Markus Krötzsch;1;0.0003809430661029897;0
Athena Roussou;1;0.0003809430661029897;0
Antonio Badia;1;0.0003809430661029897;0
Rainer Gemulla;1;0.0003809430661029897;0
Emmanuel Waller;4;0.0007578789033184166;0
David W. Stemple;2;0.0003809430661029897;0
Richard Hull;13;0.0020641289093945173;0
Thanasis Hadzilacos;4;0.0003809430661029897;0
Lisa Hellerstein;1;0.0003809430661029897;0
Derick Wood;2;0.0017499086684847273;0
Solmaz Kolahi;1;0.0003809430661029897;0
Moritz Müller;1;0.0003809430661029897;0
Daniel Keren;1;0.0003809430661029897;0
James Bailey;1;0.0003809430661029897;0
Bernhard Seeger;2;0.0003809430661029897;0
Tomasz Idziaszek;1;0.0003809430661029897;0
Rasmus Pagh;6;0.002537392507728488;0
Stephen Fox;1;0.0003809430661029897;0
Sheldon J. Finkelstein;1;0.0003809430661029897;0
Bernd-Uwe Pagel;3;0.002537392507728488;0
Gultekin Özsoyoglu;2;0.0003809430661029897;0
Kari-Jouko Räihä;5;0.002537392507728488;0
Antonella Poggi;2;0.0003809430661029897;0
Vladimir Braverman;2;0.0003809430661029897;0
Vadim Savenkov;1;0.0003809430661029897;0
Jean-Marc Talbot;1;0.0003809430661029897;0
Ling Tony Chen;1;0.0003809430661029897;0
Richard Jeffers;1;0.0003809430661029897;0
Kenneth A. Ross;9;0.0003809430661029897;0
Stefano Leonardi;1;0.0003809430661029897;0
Sophie Cluet;1;0.0003809430661029897;0
Takeshi Tokuyama;1;0.0003809430661029897;0
Jerzy Marcinkowski;2;0.002537392507728488;0
Marianne Winslett;2;0;0
Alexander Tuzhilin;2;0.0003809430661029897;0
Frank Olken;1;0.0003809430661029897;0
Elias Koutsoupias;2;0.0003809430661029897;0
Michael T. Goodrich;1;0.0003809430661029897;0
Ali Vakilian;1;0.0003809430661029897;0
Eugene Pinsky;1;0.0003809430661029897;0
Sharon McCure Kuck;1;0.0003809430661029897;0
Milan Vojnovic;1;0.0003809430661029897;0
Hans-Jörg Schek;5;0.0028174642944566856;0
Patrick C. Fischer;2;0.0007481253877113215;0
Jorge Pérez 0001;5;0.0023832300986069456;0
H. F. Ting;1;0.0003809430661029897;0
Zhiqiang Yang;1;0.0003809430661029897;0
Vijayshankar Raman;1;0;0
Paolo Ferragina;2;0.0003809430661029897;0
David Toman;1;0;0
Cynthia Dwork;2;0.002537392507728488;0
Ada Wai-Chee Fu;1;0.0003809430661029897;0
Damien Sereni;1;0.0003809430661029897;0
J. D. Tygar;1;0;0
Christof Löding;1;0.0003809430661029897;0
Latanya Sweeney;1;0.0003809430661029897;0
Uri Stemmer;1;0.0003809430661029897;0
Sepideh Mahabadi;2;0.001435348038701571;0
Sheau-Dong Lang;1;0.0003809430661029897;0
Zhewei Wei;3;0.0015406937502456285;0
Panos K. Chrysanthis;1;0.0003809430661029897;0
Ronald Fagin;22;0.007419116164967482;0
Vinayaka Pandit;1;0.0003809430661029897;0
Sergei G. Vorobyov;1;0.0003809430661029897;0
M. Muralikrishna;1;0.0003809430661029897;0
Stéphane Grumbach;7;0.0031442868671765533;0
Katja Losemann;1;0.0003809430661029897;0
Baldeo K. Taneja;1;0.0003809430661029897;0
Nick G. Duffield;2;0.002537392507728488;0
Jean-Marc Stévenne;1;0.0003809430661029897;0
Ibrahim Kamel;1;0.0003809430661029897;0
Werner Nutt;4;0.0014036616277750573;0
Nilesh N. Dalvi;5;0.001145083780486439;0
Mario Winter;1;0.0003809430661029897;0
Anna C. Gilbert;1;0.0003809430661029897;0
Zoltán Miklós;1;0.0003809430661029897;0
Foto N. Afrati;7;0.0010221717366726754;0
Jelani Nelson;2;0.0019467796282956677;0
Mark J. Post;1;0.0003809430661029897;0
Ronitt Rubinfeld;2;0.0024959914824521654;0
Sheng Zhong;1;0.0003809430661029897;0
A. Mecchia;1;0.0003809430661029897;0
Paolino Di Felice;1;0.0003809430661029897;0
Monika Rauch Henzinger;1;0;0
Daniel A. Menascé;1;0.0003809430661029897;0
Phillip B. Gibbons;1;0.0003809430661029897;0
Paul G. Spirakis;1;0.0003809430661029897;0
Pierangela Samarati;2;0.0003809430661029897;0
Hubie Chen;2;0.0003809430661029897;0
Roni Khardon;1;0.0003809430661029897;0
Balder ten Cate;6;0.002537392507728488;0
Johannes Gehrke;7;0.002537392507728488;0
Sai Surya Kiran Evani;1;0.0003809430661029897;0
Sudeepa Roy;1;0.0003809430661029897;0
Guido Nerjes;1;0.0003809430661029897;0
Srujana Merugu;1;0.0003809430661029897;0
Daniel Lupei;1;0.0003809430661029897;0
Michael Mitzenmacher;2;0.0003809430661029897;0
Francesco Silvestri 0001;2;0.002537392507728488;0
Jeremy T. Fineman;1;0.0003809430661029897;0
Santosh Vempala;2;0.0003809430661029897;0
Sandeep Gupta;1;0.0003809430661029897;0
V. S. Subrahmanian;1;0.0003809430661029897;0
Seymour Ginsburg;2;0.0003809430661029897;0
Donald S. Fussell;1;0.0003809430661029897;0
Peter Muth;2;0.002537392507728488;0
Rebecca N. Wright;2;0.0003809430661029897;0
Ziv Bar-Yossef;2;0.002537392507728488;0
Donald B. Johnson;1;0.0003809430661029897;0
Marco Patella;1;0.0003809430661029897;0
Gagan Aggarwal;1;0.0003809430661029897;0
Ariel Fuxman;1;0.0003809430661029897;0
Jun Sese;1;0.0003809430661029897;0
Marc Andries;1;0.0003809430661029897;0
Tomás Feder;1;0.0003809430661029897;0
Satyen Kale;1;0.0003809430661029897;0
Clément L. Canonne;1;0;0
Nicole Bidoit;2;0.0003809430661029897;0
Philippa Gardner;1;0.0003809430661029897;0
Aurélien Lemay;1;0.0003809430661029897;0
Anirban Dasgupta 0001;1;0.0003809430661029897;0
Ganesh Ramesh;1;0.0003809430661029897;0
Anil Nerode;1;0.0003809430661029897;0
Bradley S. Fordham;1;0.0003809430661029897;0
Amol Deshpande;2;0.0003809430661029897;0
R. J. Peterson;1;0.0003809430661029897;0
Thane E. Plambeck;1;0;0
Elizabeth A. M. Shriver;1;0.0003809430661029897;0
Hamid Pirahesh;2;0.0011124989947621134;0
Omar Benjelloun;2;0.0010722493330399044;0
Michael A. Taitslin;2;0.002537392507728488;0
Rina Dechter;1;0;0
David Harel;3;0.0003809430661029897;0
Daniel M. Kane;1;0.0003809430661029897;0
Efthymia Tsamoura;1;0.0003809430661029897;0
Kevin J. Compton;1;0.0003809430661029897;0
Mukesh K. Mohania;1;0.0003809430661029897;0
Luiz Tucherman;1;0.0003809430661029897;0
Wei-hsing Wang;1;0.0003809430661029897;0
Colin Hirsch;1;0.0003809430661029897;0
Jae Chung;1;0.0003809430661029897;0
Jorma Rissanen;1;0;0
Aaron Watters;1;0.0003809430661029897;0
Francesco Scarcello;6;0.003937968870803115;0
Sebastian Skritek;3;0.0014564641885835361;0
Kotagiri Ramamohanarao;1;0.0003809430661029897;0
Swaminathan Sankararaman;1;0.0003809430661029897;0
Anne Condon;1;0.0003809430661029897;0
Adam Sealfon;1;0;0
Kumar V. Vadaparty;2;0.0003809430661029897;0
D. Sivakumar;4;0.0021910986212783576;0
Andrei Voronkov;2;0.0003809430661029897;0
Patricio V. Poblete;1;0.0003809430661029897;0
Prasang Upadhyaya;1;0.0003809430661029897;0
Christof Hasse;1;0.0003809430661029897;0
Rolfe R. Schmidt;1;0.0003809430661029897;0
Seth Gilbert;1;0.0003809430661029897;0
Inderpal Singh Mumick;7;0.0025810457348754328;0
Jason Tsong-Li Wang;1;0.0003809430661029897;0
Larry Raab;1;0.0003809430661029897;0
Richard E. Ladner;1;0.0003809430661029897;0
Mirek Riedewald;1;0.0003809430661029897;0
Carla Schlatter Ellis;2;0;0
Michael I. Jordan;1;0;0
Bassem Sayrafi;1;0.0003809430661029897;0
A. Pavan;1;0.0003809430661029897;0
Mayur Datar;2;0.0019484576092483026;0
Mohammad Mahdian;2;0.0003809430661029897;0
Max J. Egenhofer;1;0;0
Walid G. Aref;1;0.0003809430661029897;0
Karl Denninghoff;1;0.0003809430661029897;0
Mitsunori Ogihara;1;0.0003809430661029897;0
Gerhard Jaeschke;1;0.0003809430661029897;0
Sundeep Prakash;1;0.0003809430661029897;0
Almira Karabeg;1;0.0003809430661029897;0
Thomas Dybdahl Ahle;1;0.0003809430661029897;0
A. Michael;1;0.0003809430661029897;0
Claudio Bettini;1;0.0003809430661029897;0
Sergio Tessaris;1;0.0003809430661029897;0
Edith Cohen;5;0.002537392507728488;0
David Felber;1;0.0003809430661029897;0
Kian-Lee Tan;1;0.0003809430661029897;0
Christine T. Cheng;1;0.0003809430661029897;0
Liying Sui;2;0.001104816869922657;0
Yung-Chun (Justin) Wan;1;0.0003809430661029897;0
Michael W. Mahoney;1;0;0
Zhiyuan Chen;1;0.0003809430661029897;0
Alan Nash;5;0.0003809430661029897;0
Anirban Majumder;1;0.0003809430661029897;0
Divyakant Agrawal;7;0.0037186182665941295;0
Stefan Berchtold;1;0.0003809430661029897;0
Mangesh Gupte;1;0.0003809430661029897;0
Yannis E. Ioannidis;2;0.0003809430661029897;0
Guozhu Dong;4;0.0003809430661029897;0
Siddharth Barman;1;0.0003809430661029897;0
Richard Helm;1;0.0003809430661029897;0
Evgeny Dantsin;1;0.0003809430661029897;0
François Bancilhon;6;0.0008094824276239211;0
Andrés Letelier;1;0.0003809430661029897;0
Takeo Kakuta;1;0.0003809430661029897;0
Minos N. Garofalakis;4;0.002537392507728488;0
Peter Widmayer;3;0.0003809430661029897;0
Nancy A. Lynch;5;0.002537392507728488;0
Pan Xu;1;0.0003809430661029897;0
Jay H. Vaishnav;1;0.0003809430661029897;0
Ken Q. Pu;1;0.0003809430661029897;0
Kien A. Hua;1;0.0003809430661029897;0
Evgeny Sherkhonov;1;0.0003809430661029897;0
Kim Marriott;1;0.0003809430661029897;0
Edward Sciore;2;0;0
Vahab S. Mirrokni;1;0.0003809430661029897;0
Jonathan Goldstein;1;0.0003809430661029897;0
Panayiotis Tsaparas;1;0;0
Yaron Kanza;3;0.0010501872634585089;0
Alon Efrat;1;0.0003809430661029897;0
Rajan Suri;2;0.001644619697903934;0
Erich Grädel;1;0.0003809430661029897;0
Bing-Rong Lin;1;0.0003809430661029897;0
Allen Van Gelder;7;0.0003809430661029897;0
Man Hon Wong;4;0.0010072776909800611;0
Ning Wu;1;0.0003809430661029897;0
Ashish Kumar Gupta;1;0.0003809430661029897;0
Jack Kent;1;0.0003809430661029897;0
Martin Odersky;1;0.0003809430661029897;0
Amit Kumar 0001;3;0.002537392507728488;0
Frank McSherry;2;0.002537392507728488;0
Neil Immerman;2;0.002537392507728488;0
Graham Cormode;9;0.0028574252024329964;0
Slawomir Pilarski;1;0.0003809430661029897;0
Marcus Herzog;1;0.0003809430661029897;0
M. Spyratos;1;0.0003809430661029897;0
John R. Smith;1;0.0003809430661029897;0
Per-Åke Larson;1;0.0003809430661029897;0
Joost Engelfriet;1;0.0003809430661029897;0
Jeffrey D. Ullman;16;0.004821979128834706;0
Christos H. Papadimitriou;20;0.006036490127763204;0
Gomer Thomas;1;0.0003809430661029897;0
Surajit Chaudhuri;9;0.0009391630242506501;0
Nathan Goodman;9;0.004305179987561562;0
Christos Faloutsos;4;0.0003809430661029897;0
Patricia G. Selinger;1;0;0
Wen-Chi Hou;1;0.0003809430661029897;0
Yatin P. Saraiya;2;0;0
Yap-Peng Tan;1;0.0003809430661029897;0
Jon M. Kleinberg;2;0.0003809430661029897;0
Flip Korn;3;0.0013128957569207087;0
Tal Malkin;1;0.0003809430661029897;0
Ting Deng;2;0.0010262789310734695;0
Christophe Rigotti;1;0.0003809430661029897;0
Chen Li 0001;2;0.0003809430661029897;0
Dina Q. Goldin;1;0.0003809430661029897;0
Magdalena Balazinska;1;0.0003809430661029897;0
Sara Shurin;1;0.0003809430661029897;0
Udo Kelter;1;0;0
Shaibal Roy;1;0;0
Gaetano Geck;1;0.0003809430661029897;0
Leonardo Tininini;2;0.0012764624697593893;0
Claudio Gutiérrez;1;0.0003809430661029897;0
Angela Bonifati;1;0.0003809430661029897;0
Émilien Antoine;1;0.0003809430661029897;0
Chee-Keng Yap;1;0.0003809430661029897;0
Vinay K. Chaudhri;2;0.0003809430661029897;0
James P. Delgrande;1;0;0
Domenico Lembo;2;0.0008230346537824677;0
Guizhen Yang;2;0.001435348038701571;0
Jacob Stein;1;0.0003809430661029897;0
Sándor P. Fekete;1;0.0003809430661029897;0
Thomas Lukasiewicz;2;0.000858324459633775;0
Susan B. Davidson;4;0.0003809430661029897;0
Judith Klavans;1;0;0
Maurizio Rafanelli;2;0.0003809430661029897;0
Yasushi Sakurai;1;0.0003809430661029897;0
Amr El Abbadi;8;0.002886281565611276;0
Idit Keidar;1;0.0003809430661029897;0
Nina Mishra;2;0.0003809430661029897;0
Fabio Vandin;1;0.0003809430661029897;0
Salil P. Vadhan;1;0.0003809430661029897;0
Stavros S. Cosmadakis;8;0.0019381218262915349;0
François Bry;1;0;0
Heiko Schuldt;2;0.0003809430661029897;0
Raghu Ramakrishnan;15;0.003530380567110021;0
Vassos Hadzilacos;5;0.0003809430661029897;0
Daniel Deutch;4;0.002596083167418437;0
Arnaldo V. Moura;1;0.0003809430661029897;0
Heikki Mannila;6;0.002537392507728488;0
Dale Skeen;4;0.0003809430661029897;0
Won Kim;1;0;0
Frank Thomson Leighton;1;0;0
Mikkel Thorup;2;0.002537392507728488;0
Sergey Melnik;1;0.0003809430661029897;0
Ke Yi;10;0.006829354670580786;0
Alin Dobra;1;0;0
Sunil Prabhakar;1;0.0003809430661029897;0
Charles Elkan;2;0;0
Paulo A. S. Veloso;1;0.0003809430661029897;0
Sara Cohen;7;0.00207959406211055;0
Arvola Chan;1;0.0003809430661029897;0
Gabriele Puppis;1;0.0003809430661029897;0
Gianluigi Greco;4;0.0020649572997624883;0
Phokion G. Kolaitis;25;0.0057888587079391015;0
Atri Rudra;4;0.0029834620870243115;0
Ching-Tien Ho;1;0.0003809430661029897;0
Mark H. Nodine;1;0.0003809430661029897;0
Mikolaj Bojanczyk;5;0.0007232672732029783;0
David S. Johnson;1;0.0003809430661029897;0
Vanja Josifovski;2;0.002537392507728488;0
Zvi M. Kedem;1;0.0003809430661029897;0
Uri Zarfaty;1;0.0003809430661029897;0
Alexander Serebrenik;1;0.0003809430661029897;0
Simona Rabinovici-Cohen;1;0.0003809430661029897;0
Serge Abiteboul;28;0.0054179349310094415;0
Robert C. Steinke;1;0.0003809430661029897;0
B. Srivathsan;1;0.0003809430661029897;0
Armin Fessler;2;0.001977248934272092;0
Helmut Seidl;2;0.0003809430661029897;0
Hasan Davulcu;2;0.0024959914824521654;0
Jan Paredaens;9;0.0029762356596911635;0
Hirohisa Seki;1;0;0
Dirk Van Gucht;19;0.006481165841282929;0
Raymond T. Ng;2;0.0003809430661029897;0
Martín Abadi;1;0.0003809430661029897;0
Val Tannen;7;0.002593573436288634;0
Ron van der Meyden;1;0;0
Li-Yan Yuan;5;0.002537392507728488;0
Dana Angluin;1;0.0003809430661029897;0
Peter Buneman;7;0.0014765466163974648;0
Jayadev Acharya;1;0.0003809430661029897;0
Francesco M. Donini;1;0.0003809430661029897;0
Carsten Lutz;2;0.002537392507728488;0
Yehoshua Sagiv;31;0.008666771673675674;0
Sebastian Link;2;0.002537392507728488;0
Sairam Subramanian;1;0.0003809430661029897;0
Filip Murlak;3;0.0007177267184276443;0
Peter Z. Revesz;3;0.0003809430661029897;0
Hans-Peter Kriegel;1;0.0003809430661029897;0
Sanjay Manchanda;1;0;0
Hanan Samet;1;0.0003809430661029897;0
Marc Gyssens;8;0.0030473867029887757;0
George Papageorgiou;1;0.0003809430661029897;0
Khaled A. S. Abdel-Ghaffar;1;0.0003809430661029897;0
Alan Fekete;3;0.002537392507728488;0
David J. DeWitt;1;0.0003809430661029897;0
Stijn Vansummeren;6;0.0013277388069231355;0
Dan E. Willard;1;0;0
Andrea Calì;2;0.0003809430661029897;0
An Zhu;1;0.0003809430661029897;0
Andrea Pietracaprina;1;0.0003809430661029897;0
Rong Sun;1;0.0003809430661029897;0
Daniel P. Miranker;1;0.0003809430661029897;0
David L. Martin 0001;1;0.0003809430661029897;0
Moshe Y. Vardi;29;0.006572962902644118;0
Riccardo Torlone;1;0.0003809430661029897;0
Bing-Chao Huang;1;0.0003809430661029897;0
Shashi K. Gadia;2;0.0003809430661029897;0
Véronique Royer;1;0;0
Slawek Staworko;1;0.0003809430661029897;0
Toni Mancini;1;0.0003809430661029897;0
Lin Yu;2;0.002537392507728488;0
Diego Calvanese;9;0.0047054694796531335;0
Egor V. Kostylev;1;0.0003809430661029897;0
Alex Thomo;1;0.0003809430661029897;0
Nick Koudas;4;0.002164283753015831;0
Nicolas Spyratos;5;0.0003809430661029897;0
Scott Weinstein;2;0.0011227185571610456;0
Jeffrey Scott Vitter;8;0.0035537060187540207;0
Lars Arge;4;0.0028457116292683565;0
Alin Deutsch;6;0.0014672095643709522;0
Sanjay Krishnamurthi;1;0.0003809430661029897;0
Diego Figueira;3;0.0003809430661029897;0
Prabhakar Raghavan;4;0.002110179727722006;0
Yelena Yesha;1;0.0003809430661029897;0
Luc Vandeurzen;2;0.0011180623648774837;0
Ramanathan V. Guha;1;0.0003809430661029897;0
Shinichi Morishita;4;0.0003809430661029897;0
Steven Dawson;1;0.0003809430661029897;0
Jaideep Srivastava;1;0.0003809430661029897;0
Christophe Lécluse;1;0.0003809430661029897;0
Vânia Maria Ponte Vidal;1;0.0003809430661029897;0
Enrico Franconi;1;0.0003809430661029897;0
Jef Wijsen;4;0.0003809430661029897;0
Yasuhiko Morimoto;1;0.0003809430661029897;0
Antonio L. Furtado;1;0.0003809430661029897;0
Dilys Thomas;1;0.0003809430661029897;0
Sambuddha Roy;1;0.0003809430661029897;0
Marco Manna;1;0.0003809430661029897;0
Joseph Y. Halpern;3;0.002537392507728488;0
Setrag Khoshafian;1;0.0003809430661029897;0
Chung-Sheng Li;1;0.0003809430661029897;0
Toon Calders;2;0.0003809430661029897;0
Yannis Theodoridis;2;0.0003809430661029897;0
Andreas Behrend;1;0;0
Boris Aronov;1;0.0003809430661029897;0
Ouri Wolfson;4;0.0003809430661029897;0
Y. C. Tay;5;0.0023016768619040836;0
Marcelo Arenas;13;0.003852949860792253;0
Cynthia A. Phillips;1;0.0003809430661029897;0
Arnaud Durand 0001;1;0.0003809430661029897;0
Jürgen Seib;1;0.0003809430661029897;0
Bertrand Simon;1;0.0003809430661029897;0
K. V. M. Naidu;1;0.0003809430661029897;0
Alexandros Biliris;1;0;0
Qin Zhang;5;0.0021205690923169476;0
Yossi Matias;1;0.0003809430661029897;0
Christian Böhm;1;0.0003809430661029897;0
Sourav Chatterji;1;0.0003809430661029897;0
Michael Meier 0002;1;0.0003809430661029897;0
Nicole Schweikardt;5;0.0037186182665941286;0
Trevor Jim;1;0.0003809430661029897;0
Philip Bohannon;1;0.0003809430661029897;0
Swastik Kopparty;1;0.0003809430661029897;0
Qi Zhao;1;0.0003809430661029897;0
Anand Srinivasan;1;0.0003809430661029897;0
Albert Atserias;1;0.0003809430661029897;0
Christopher Unkel;1;0.0003809430661029897;0
Kostas Tsichlas;1;0.0003809430661029897;0
Casper Kejlberg-Rasmussen;1;0.0003809430661029897;0
Haixun Wang;1;0.0003809430661029897;0
Yunyao Li;2;0.0016542763040086495;0
Michael Greenwald;1;0.0003809430661029897;0
Artur Bykowski;1;0.0003809430661029897;0
George H. L. Fletcher;1;0.0003809430661029897;0
Kobbi Nissim;4;0.0003809430661029897;0
Mantas Simkus;1;0.0003809430661029897;0
Carlo Zaniolo;8;0.00372223902730805;0
P. Mukhopadhyay;1;0.0003809430661029897;0
Leonid Libkin;32;0.009126082145297088;0
Va-On Tam;1;0.0003809430661029897;0
Jan Hidders;1;0.0003809430661029897;0
Zhenming Liu;1;0.0003809430661029897;0
Freddy Dumortier;1;0.0003809430661029897;0
H. V. Jagadish;5;0.0016806417384957813;0
Akshay Goel;1;0.0003809430661029897;0
Catriel Beeri;13;0.0028643270280987333;0
Stephan Kreutzer;1;0;0
Andrew McGregor 0001;8;0.001934735267880138;0
Wenfei Fan;16;0.006474584186674082;0
Oded Shmueli;10;0.003782892222229223;0
Tatuo Nakanishi;1;0.0003809430661029897;0
Venkatesan T. Chakaravarthy;3;0.002537392507728488;0
Alessio Orlandi;1;0.0003809430661029897;0
Justin Thaler;1;0.0003809430661029897;0
Kyle Fox;1;0.0003809430661029897;0
Praveen Seshadri;1;0.0003809430661029897;0
Pierre Senellart;4;0.000858324459633775;0
Yannis Papakonstantinou;2;0.0003809430661029897;0
David Tench;1;0.0003809430661029897;0
Teodor C. Przymusinski;2;0.0003809430661029897;0
Joseph Albert;1;0.0003809430661029897;0
Ankur Gupta;1;0.0003809430661029897;0
M. Kramer;1;0.0003809430661029897;0
Bertram Ludäscher;2;0.0003809430661029897;0
Stephen R. Chestnut;1;0.0003809430661029897;0
Anuj Dawar;1;0.0003809430661029897;0
Dzintars Avots;1;0.0003809430661029897;0
Vasilis Samoladas;2;0.0003809430661029897;0
Luciana S. Buriol;1;0.0003809430661029897;0
Pavel Avgustinov;1;0.0003809430661029897;0
Abraham Silberschatz;12;0.004167819409961925;0
Siu-Wing Cheng;1;0.0003809430661029897;0
Anand Ranganathan;1;0.0003809430661029897;0
Narayanan Krishnakumar;1;0.0003809430661029897;0
Victor O. K. Li;1;0.0003809430661029897;0
C. Mohan;1;0.0003809430661029897;0
Giovambattista Ianni;1;0.0003809430661029897;0
Banu Özden;2;0.0007744341078037074;0
Martin J. Strauss;1;0.0003809430661029897;0
Yoav Raz;1;0;0
Ryan Williams;3;0.0003809430661029897;0
Sam Toueg;1;0.0003809430661029897;0
Bogdan Alexe;1;0.0003809430661029897;0
Anthony C. Klug;1;0.0003809430661029897;0
Charu C. Aggarwal;4;0.002537392507728488;0
Kunal Talwar;1;0.0003809430661029897;0
Howard J. Karloff;1;0.0003809430661029897;0
Hoa T. Vu;1;0.0003809430661029897;0
Alon Y. Halevy;2;0.0003809430661029897;0
Fenia Zioga;1;0.0003809430661029897;0
Matti Nykänen;1;0.0003809430661029897;0
Thomas Schwentick;11;0.003465412365875578;0
Gerome Miklau;3;0.0019454171118458486;0
Rosalba Giugno;1;0.0003809430661029897;0
Mengling Feng;1;0.0003809430661029897;0
John S. Schlipf;2;0.0003809430661029897;0
Yufei Tao;13;0.0048996930859834375;0
Sergei Vassilvitskii;1;0.0003809430661029897;0
Hector Garcia-Molina;3;0.0003809430661029897;0
Stavros Christodoulakis;1;0.0003809430661029897;0
Mike Paterson;1;0.0003809430661029897;0
Yong Guan;1;0.0003809430661029897;0
Hakan Ferhatosmanoglu;1;0.0003809430661029897;0
Neoklis Polyzotis;1;0.0003809430661029897;0
Karl Schnaitter;2;0.0003809430661029897;0
Todd D. Millstein;1;0.0003809430661029897;0
Amnon Lotem;1;0.0003809430661029897;0
Sreenivas Gollapudi;3;0.002537392507728488;0
Patrick Cégielski;1;0.0003809430661029897;0
Waqar Hasan;1;0.0003809430661029897;0
Bill Howe;1;0.0003809430661029897;0
Michael Rabinovich;1;0.0003809430661029897;0
Reut Levi;2;0.0024959914824521654;0
Timothy Griffin;1;0.0003809430661029897;0
Michael J. Carey;3;0.002537392507728488;0
Manas R. Joglekar;1;0.0003809430661029897;0
Gabriel M. Kuper;8;0.001663628765094933;0
Gustavo Alonso;4;0.002817464294456685;0
Thomas W. Page Jr.;1;0.0003809430661029897;0
Wojciech Kazana;1;0.0003809430661029897;0
Anna Pagh;1;0.0003809430661029897;0
Moni Naor;1;0.0003809430661029897;0
Rodney W. Topor;1;0.0003809430661029897;0
Juan L. Reutter;5;0.001486747916861076;0
C. Aiswarya;1;0.0003809430661029897;0
Gael N. Buckley;1;0.0003809430661029897;0
Roberto Grossi;2;0.0003809430661029897;0
Daniel Kifer;3;0.0003809430661029897;0
Timos Antonopoulos;1;0.0003809430661029897;0
Michael Kifer;6;0.00372223902730805;0
Aris M. Ouksel;2;0.0003809430661029897;0
Anthony J. Bonner;4;0.0003809430661029897;0
Stefan Mengel;1;0.0003809430661029897;0
Szymon Torunczyk;1;0.0003809430661029897;0
Daniela Florescu;1;0.0003809430661029897;0
Wuzhou Zhang;2;0.0010503471122017623;0
Bradley C. Kuszmaul;2;0.0017499086684847273;0
Jonathan W. Berry;1;0.0003809430661029897;0
Chung-Min Chen;1;0.0003809430661029897;0
Reza Sadri;1;0.0003809430661029897;0
Sergio Flesca;1;0.0003809430661029897;0
Bas Ketsman;2;0.0011956462899056167;0
Jérôme Siméon;1;0.0003809430661029897;0
Heinrich Toben;1;0.0003809430661029897;0
Jin-yi Cai;1;0.0003809430661029897;0
Patrick Lincoln;1;0.0003809430661029897;0
Jyrki Kivinen;1;0.0003809430661029897;0
Rachel Ben-Eliyahu-Zohary;1;0.0003809430661029897;0
Paula Ta-Shma;1;0.0003809430661029897;0
Bogdan Cautis;1;0.0003809430661029897;0
Rajeev Motwani;5;0.0019484576092483026;0
Sariel Har-Peled;2;0.0003809430661029897;0
Francis C. Chu;2;0.002537392507728488;0
Tomasz Gogacz;2;0.002537392507728488;0
Abhay Kumar Jha;1;0.0003809430661029897;0
Bogdan Marinoiu;1;0.0003809430661029897;0
Ali Saman Tosun;1;0.0003809430661029897;0
Marc Spielmann;2;0.0003809430661029897;0
Piero A. Bonatti;1;0;0
Shari Roseman;1;0.0003809430661029897;0
Ashok K. Chandra;2;0.0003809430661029897;0
Alessandro Tiberi;1;0.0003809430661029897;0
Stephen Blott;1;0.0003809430661029897;0
Makoto Murata;1;0;0
Leopoldo E. Bertossi;1;0.0003809430661029897;0
Daniel R. Ries;1;0.0003809430661029897;0
Guillaume Bagan;1;0.0003809430661029897;0
Daniel J. Rosenkrantz;2;0.002537392507728488;0
Shivakumar Vaithyanathan;2;0.0016542763040086495;0
Assaf Schuster;1;0.0003809430661029897;0
Jan Van den Bussche;17;0.005322176632478527;0
